{
  "fraud_rate": 0.03776,
  "roc_auc": 0.4909117426569643,
  "pr_auc": 0.03853126071507988,
  "confusion_matrix": [
    [
      5698,
      316
    ],
    [
      220,
      16
    ]
  ],
  "classification_report": {
    "0": {
      "precision": 0.9628252788104089,
      "recall": 0.9474559361489857,
      "f1-score": 0.9550787797519276,
      "support": 6014.0
    },
    "1": {
      "precision": 0.04819277108433735,
      "recall": 0.06779661016949153,
      "f1-score": 0.056338028169014086,
      "support": 236.0
    },
    "accuracy": 0.91424,
    "macro avg": {
      "precision": 0.5055090249473732,
      "recall": 0.5076262731592386,
      "f1-score": 0.5057084039604708,
      "support": 6250.0
    },
    "weighted avg": {
      "precision": 0.9282887553186724,
      "recall": 0.91424,
      "f1-score": 0.9211423289721566,
      "support": 6250.0
    }
  }
}